{"cameraMode":{"drawMode":0,"name":"Shaded","section":"Shading Mode"},"sceneLighting":false,"audioPlay":false,"sceneViewState":{"m_AlwaysRefresh":false,"showFog":true,"showSkybox":false,"showFlares":true,"showImageEffects":true,"showParticleSystems":true,"showVisualEffectGraphs":true,"m_FxEnabled":true},"in2DMode":false,"pivot":{"x":24.554670333862306,"y":1.1018571853637696,"z":10.757952690124512},"rotation":{"x":0.2564627528190613,"y":-0.27506357431411745,"z":0.07639111578464508,"w":0.9234386086463928},"size":0.11929825693368912,"orthographic":false}